Difficulty,Title,Frequency,Acceptance Rate,Link,Topics,Completeness
MEDIUM,Rotate Image,100.0,0.7790173789665304,https://leetcode.com/problems/rotate-image,"Array, Math, Matrix", "No"
MEDIUM,Spiral Matrix,100.0,0.539398836789508,https://leetcode.com/problems/spiral-matrix,"Array, Matrix, Simulation", "No"
EASY,Number of 1 Bits,100.0,0.7450480575885099,https://leetcode.com/problems/number-of-1-bits,"Divide and Conquer, Bit Manipulation", "Yes"
EASY,Two Sum,100.0,0.5577702792380397,https://leetcode.com/problems/two-sum,"Array, Hash Table", "Yes"
MEDIUM,Longest Substring Without Repeating Characters,87.5,0.36936144977400187,https://leetcode.com/problems/longest-substring-without-repeating-characters,"Hash Table, String, Sliding Window", "No"
EASY,Climbing Stairs,87.5,0.535407976724555,https://leetcode.com/problems/climbing-stairs,"Math, Dynamic Programming, Memoization", "Yes"
MEDIUM,Kth Largest Element in an Array,87.5,0.6797703802112421,https://leetcode.com/problems/kth-largest-element-in-an-array,"Array, Divide and Conquer, Sorting, Heap (Priority Queue), Quickselect", "No"
MEDIUM,Subarray Sum Equals K,87.5,0.4547633179081555,https://leetcode.com/problems/subarray-sum-equals-k,"Array, Hash Table, Prefix Sum", "No"
EASY,Roman to Integer,87.5,0.6486637744329325,https://leetcode.com/problems/roman-to-integer,"Hash Table, Math, String", "Yes"
MEDIUM,Merge Intervals,87.5,0.4939525764689584,https://leetcode.com/problems/merge-intervals,"Array, Sorting", "No"
MEDIUM,3Sum,87.5,0.3707108091763312,https://leetcode.com/problems/3sum,"Array, Two Pointers, Sorting", "No"
